Times,Filt,Freqs,Fluxes,FluxErrs,UL,Instrument
3737,b,693000000000000.0,2.4524490860720283,0.0677636724829958,N,Swift/UVOT
4354,v,555000000000000.0,4.41367143463436,0.1219542486091526,N,Swift/UVOT
15934,r,486000000000000.0,1.3304544179780873,0.0245078760779553,N,NOT
15934,z,336000000000000.0,1.5995580286146451,0.0294649477765362,N,NOT
66505,g,640000000000000.0,0.098174794301997,0.0090422327147014,N,SLT
67551,r,486000000000000.0,0.193018972763457,0.0071110817496025,N,LOT
75960,J,239800000000000.0,0.2286651602919509,0.0042121679150027,N,SYSU
77072,r,486000000000000.0,0.1485935642287009,0.00958018112542,N,GIT
77418,r,486000000000000.0,0.1458814260275341,0.0080617055259771,N,GIT
77677,r,486000000000000.0,0.1406047524129912,0.0064750881382054,N,GIT
78023,g,640000000000000.0,0.0630957344480189,0.0058113319028607,N,GIT
78368,g,640000000000000.0,0.0666806769213619,0.0042990621147566,N,GIT
78714,g,640000000000000.0,0.0642687717317014,0.0041435608405646,N,GIT
94860,r,486000000000000.0,0.0972747223776964,0.0071674664215045,N,Ondrejov D50
210600,r,486000000000000.0,0.0299226463660818,0.0008267932735856,N,COLIBRI
210600,z,336000000000000.0,0.0376703798983906,0.0010408710624174,N,COLIBRI
224640,radio(15GHz),15000000000.0,0.6,0.1,N,VLA
4048.739592807668,X-ray(10keV),2.417989242625068e+18,0.0012345252454148224,9.05206352373344e-05,N,Swift-XRT
4924.750610764045,X-ray(10keV),2.417989242625068e+18,0.001489402299387641,0.00020161668331705748,N,Swift-XRT
15721.482799456386,X-ray(10keV),2.417989242625068e+18,0.00039597167132541204,5.841713701721848e-05,N,Swift-XRT
21505.770413478414,X-ray(10keV),2.417989242625068e+18,0.0002901038428827685,5.718556909600323e-05,N,Swift-XRT
34454.15017055771,X-ray(10keV),2.417989242625068e+18,0.000124772037248059,1.655457233143748e-05,N,Swift-XRT
43051.282599466846,X-ray(10keV),2.417989242625068e+18,0.00013841759699099928,2.120746350988647e-05,N,Swift-XRT
95118.53481523704,X-ray(10keV),2.417989242625068e+18,3.6463068457539414e-05,5.6759941665240734e-06,N,Swift-XRT
173191.33674007087,X-ray(10keV),2.417989242625068e+18,9.952602173213033e-06,4.13916311268102e-06,N,Swift-XRT
194869.1329999999,X-ray(10keV),2.417989242625068e+18,7.29234766916812e-06,3.464570387271832e-06,N,Swift-XRT
289460.38799999974,X-ray(10keV),2.417989242625068e+18,3.47183052673828e-06,1.9583082584738714e-06,N,Swift-XRT
405044.3809999997,X-ray(10keV),2.417989242625068e+18,2.50346587371441e-06,2.2053615598705797e-06,N,Swift-XRT
473146.1070000001,X-ray(10keV),2.417989242625068e+18,1.7362584760423802e-06,1.1656870537738758e-06,N,Swift-XRT
