MJD,Times,Filt,Freqs,AB,AB_Err,Fluxes,FluxErrs,UL,Instrument,Filter System,GCN
61307.23538,15933.99946,r,486000000000000,16.28,0.02,1.11686,0.02057,N,NOT,SDSS,45718
61307.23538,15933.99946,z,336000000000000,16.00,0.02,1.44544,0.02663,N,NOT,SDSS,45718
61307.943,77072.19984,r,486000000000000,18.66,0.07,0.12474,0.00804,N,GIT,SDSS,45734
61307.947,77417.79985,r,486000000000000,18.68,0.06,0.12246,0.00677,N,GIT,SDSS,45734
61307.95,77676.99986,r,486000000000000,18.72,0.05,0.11803,0.00544,N,GIT,SDSS,45734
61307.954,78022.59983,g,640000000000000,19.68,0.10,0.04875,0.00449,N,GIT,SDSS,45734
61307.958,78368.19985,g,640000000000000,19.62,0.07,0.05152,0.00332,N,GIT,SDSS,45734
61307.962,78713.79983,g,640000000000000,19.66,0.07,0.04966,0.00320,N,GIT,SDSS,45734
61307.05366,233,white,864000000000000,14.68,0.02,4.87528,0.08981,N,Swift/UVOT,,45735
61307.10135,4354,v,555000000000000,15.11,0.03,3.28095,0.09066,N,Swift/UVOT,,45735
61307.09421,3737,b,693000000000000,15.71,0.03,1.88799,0.05217,N,Swift/UVOT,,45735
61307.05505,353,u,856000000000000,17.33,0.24,0.42462,0.09386,N,Swift/UVOT,,45735
61307.1061,4764,w1,1.14E+15,18.5,1.00E-10,0.14454,0.00000,Y,Swift/UVOT,,45735
61307.10372,4558.5,m2,1.34E+15,19.2,1.00E-10,0.07586,0.00000,Y,Swift/UVOT,,45735
61307.09896,4147.5,w2,1.48E+15,19.2,1.00E-10,0.07586,0.00000,Y,Swift/UVOT,,45735
61307.93013,75960,J,239800000000000,18.07,0.02,0.21478,0.00396,N,SYSU,2MASS,45736
61308.14888,94860,r,486000000000000,19.12,0.08,0.08166,0.00602,N,Ondrejov D50,SDSS,45745
61307.8207,66505.47984,g,640000000000000,19.2,0.10,0.07586,0.00699,N,SLT,,45748
61307.8328,67550.91984,r,486000000000000,18.38,0.04,0.16144,0.00595,N,LOT,,45748
61308.93846,163080,J,239800000000000,19.44,1.00E-10,0.06081,0.00000,Y,SYSU,2MASS,45758
61309.48846,210600,r,486000000000000,20.40,0.03,0.02512,0.00069,N,COLIBRI,,45759
61309.48846,210600,z,336000000000000,20.07,0.03,0.03404,0.00094,N,COLIBRI,,45759
61309.51721,213084,J-IR,239800000000000,19.81,0.20,0.04325,0.00797,N,MDM/MIRAGE,YJHs,45762
61309.52704,213933,Hs-IR,192800000000000,19.20,0.00,0.07586,0.00000,Y,MDM/MIRAGE,YJHs,45762
61309.04549,172327.392,R,467700000000000,20,0.3,0.03631,0.01003,N,AbAO,,45774
61310.0426,258477.696,R,467700000000000,20,1.00E-10,0.03631,0.00000,Y,AbAO,,45774
61309.65096,224640,radio(15GHz),1.50E+10,,,0.60000,0.10000,N,VLA,,45776
0,114.8392,X-ray(10keV),2.417989242625068e+18,0,0,1.43173090650618,0.475655075064068,N,Swift-XRT,XRT,0
0,115.6338,X-ray(10keV),2.417989242625068e+18,0,0,2.33304522553419,0.5160978372023189,N,Swift-XRT,XRT,0
0,116.449,X-ray(10keV),2.417989242625068e+18,0,0,2.7269097407334097,0.544566529832593,N,Swift-XRT,XRT,0
0,117.2644,X-ray(10keV),2.417989242625068e+18,0,0,2.56942133454863,0.517486851839897,N,Swift-XRT,XRT,0
0,118.1578,X-ray(10keV),2.417989242625068e+18,0,0,1.7937373203137201,0.39679297391565,N,Swift-XRT,XRT,0
0,118.9667,X-ray(10keV),2.417989242625068e+18,0,0,1.5061434906651399,0.344371028618153,N,Swift-XRT,XRT,0
0,119.8293,X-ray(10keV),2.417989242625068e+18,0,0,1.50608808727091,0.333776107352628,N,Swift-XRT,XRT,0
0,120.5964,X-ray(10keV),2.417989242625068e+18,0,0,2.0211816095181696,0.46060090609605997,N,Swift-XRT,XRT,0
0,121.3112,X-ray(10keV),2.417989242625068e+18,0,0,2.1310771687519496,0.42534021399940397,N,Swift-XRT,XRT,0
0,122.0475,X-ray(10keV),2.417989242625068e+18,0,0,2.8759857453716102,0.628840340489346,N,Swift-XRT,XRT,0
0,122.8337,X-ray(10keV),2.417989242625068e+18,0,0,2.0621697829492303,0.400920580917069,N,Swift-XRT,XRT,0
0,123.6517,X-ray(10keV),2.417989242625068e+18,0,0,2.3136659503607,0.550710623756649,N,Swift-XRT,XRT,0
0,124.4331,X-ray(10keV),2.417989242625068e+18,0,0,2.43464096310088,0.507146214758144,N,Swift-XRT,XRT,0
0,125.3042,X-ray(10keV),2.417989242625068e+18,0,0,2.33862700271198,0.566375362982069,N,Swift-XRT,XRT,0
0,126.1767,X-ray(10keV),2.417989242625068e+18,0,0,2.8012979061089798,0.573617578168328,N,Swift-XRT,XRT,0
0,127.0552,X-ray(10keV),2.417989242625068e+18,0,0,2.2598923117856,0.478961394304794,N,Swift-XRT,XRT,0
0,127.8658,X-ray(10keV),2.417989242625068e+18,0,0,1.7136700718956999,0.40429192465544,N,Swift-XRT,XRT,0
0,128.6475,X-ray(10keV),2.417989242625068e+18,0,0,2.33344898713163,0.568530696785379,N,Swift-XRT,XRT,0
0,129.5036,X-ray(10keV),2.417989242625068e+18,0,0,2.1991076206773803,0.457735262345224,N,Swift-XRT,XRT,0
0,130.4314,X-ray(10keV),2.417989242625068e+18,0,0,1.6375384853182,0.348427472980192,N,Swift-XRT,XRT,0
0,131.4174,X-ray(10keV),2.417989242625068e+18,0,0,1.3368805856812,0.30121029523299997,N,Swift-XRT,XRT,0
0,132.364,X-ray(10keV),2.417989242625068e+18,0,0,1.11932468307049,0.259159373880284,N,Swift-XRT,XRT,0
0,133.447,X-ray(10keV),2.417989242625068e+18,0,0,1.25275618518709,0.318764364354605,N,Swift-XRT,XRT,0
0,134.2999,X-ray(10keV),2.417989242625068e+18,0,0,1.10515197756777,0.27227323520316904,N,Swift-XRT,XRT,0
0,135.345,X-ray(10keV),2.417989242625068e+18,0,0,1.2989362318086501,0.37811461374493904,N,Swift-XRT,XRT,0
0,136.4323,X-ray(10keV),2.417989242625068e+18,0,0,1.27544474347722,0.319460066461338,N,Swift-XRT,XRT,0
0,137.2996,X-ray(10keV),2.417989242625068e+18,0,0,1.03093357332157,0.30176568245248603,N,Swift-XRT,XRT,0
0,138.1301,X-ray(10keV),2.417989242625068e+18,0,0,1.53967236375332,0.332447304407274,N,Swift-XRT,XRT,0
0,139.096,X-ray(10keV),2.417989242625068e+18,0,0,1.2709468402922501,0.289034584132925,N,Swift-XRT,XRT,0
0,140.131,X-ray(10keV),2.417989242625068e+18,0,0,1.06509118446697,0.266967832543183,N,Swift-XRT,XRT,0
0,141.1712,X-ray(10keV),2.417989242625068e+18,0,0,0.906662897799262,0.24123760519676501,N,Swift-XRT,XRT,0
0,142.1248,X-ray(10keV),2.417989242625068e+18,0,0,0.785720862385842,0.21890229504977302,N,Swift-XRT,XRT,0
0,142.9399,X-ray(10keV),2.417989242625068e+18,0,0,0.8108575381062441,0.24489052751060897,N,Swift-XRT,XRT,0
0,143.8342,X-ray(10keV),2.417989242625068e+18,0,0,0.917539094569803,0.214074763085814,N,Swift-XRT,XRT,0
0,144.6415,X-ray(10keV),2.417989242625068e+18,0,0,1.17677756301241,0.304323136433342,N,Swift-XRT,XRT,0
0,145.497,X-ray(10keV),2.417989242625068e+18,0,0,1.3667669889168501,0.294244920271961,N,Swift-XRT,XRT,0
0,146.4557,X-ray(10keV),2.417989242625068e+18,0,0,1.0366068329754399,0.308436927498458,N,Swift-XRT,XRT,0
0,147.2772,X-ray(10keV),2.417989242625068e+18,0,0,1.29373599533291,0.336066384287738,N,Swift-XRT,XRT,0
0,148.1364,X-ray(10keV),2.417989242625068e+18,0,0,1.4049531286780201,0.35727189230801004,N,Swift-XRT,XRT,0
0,149.0287,X-ray(10keV),2.417989242625068e+18,0,0,1.72272786037256,0.416092924398935,N,Swift-XRT,XRT,0
0,149.8031,X-ray(10keV),2.417989242625068e+18,0,0,1.7133050468031101,0.397748480767656,N,Swift-XRT,XRT,0
0,150.613,X-ray(10keV),2.417989242625068e+18,0,0,1.7491545012743,0.46203234199410603,N,Swift-XRT,XRT,0
0,151.4309,X-ray(10keV),2.417989242625068e+18,0,0,1.3968709410234401,0.327068934423111,N,Swift-XRT,XRT,0
0,152.3792,X-ray(10keV),2.417989242625068e+18,0,0,1.0181258777429,0.315364371471172,N,Swift-XRT,XRT,0
0,153.3428,X-ray(10keV),2.417989242625068e+18,0,0,1.03981090239493,0.253693500824769,N,Swift-XRT,XRT,0
0,154.368,X-ray(10keV),2.417989242625068e+18,0,0,0.802122127159586,0.26116225053266,N,Swift-XRT,XRT,0
0,155.3736,X-ray(10keV),2.417989242625068e+18,0,0,0.952120860450496,0.238677648346374,N,Swift-XRT,XRT,0
0,156.456,X-ray(10keV),2.417989242625068e+18,0,0,0.857718315333159,0.28072209436621604,N,Swift-XRT,XRT,0
0,157.4771,X-ray(10keV),2.417989242625068e+18,0,0,0.8761026988281739,0.26066549421304297,N,Swift-XRT,XRT,0
0,157.9954,X-ray(10keV),2.417989242625068e+18,0,0,0.844309381914788,0.313837721317418,N,Swift-XRT,XRT,0
0,158.5307,X-ray(10keV),2.417989242625068e+18,0,0,0.637786488706194,0.20424424737204502,N,Swift-XRT,XRT,0
0,159.11,X-ray(10keV),2.417989242625068e+18,0,0,0.6630862641274421,0.254698204537959,N,Swift-XRT,XRT,0
0,159.5868,X-ray(10keV),2.417989242625068e+18,0,0,0.535760416288209,0.17468427586273502,N,Swift-XRT,XRT,0
0,160.1814,X-ray(10keV),2.417989242625068e+18,0,0,0.472115364761852,0.17777022611971202,N,Swift-XRT,XRT,0
0,160.7387,X-ray(10keV),2.417989242625068e+18,0,0,0.584116132034449,0.191948735605197,N,Swift-XRT,XRT,0
0,161.2312,X-ray(10keV),2.417989242625068e+18,0,0,0.5703431015934081,0.201166715185015,N,Swift-XRT,XRT,0
0,161.7391,X-ray(10keV),2.417989242625068e+18,0,0,0.460911943593716,0.14720577761894998,N,Swift-XRT,XRT,0
0,162.3105,X-ray(10keV),2.417989242625068e+18,0,0,0.44930596893783503,0.14375158401725502,N,Swift-XRT,XRT,0
0,162.8353,X-ray(10keV),2.417989242625068e+18,0,0,0.48031831028761895,0.161252159615312,N,Swift-XRT,XRT,0
0,163.3946,X-ray(10keV),2.417989242625068e+18,0,0,0.44412425375756,0.134248804798044,N,Swift-XRT,XRT,0
0,163.9638,X-ray(10keV),2.417989242625068e+18,0,0,0.395857268360008,0.138445158459708,N,Swift-XRT,XRT,0
0,164.5298,X-ray(10keV),2.417989242625068e+18,0,0,0.458324402240263,0.135722429909577,N,Swift-XRT,XRT,0
0,165.0731,X-ray(10keV),2.417989242625068e+18,0,0,0.441782786055333,0.153645942457902,N,Swift-XRT,XRT,0
0,165.6486,X-ray(10keV),2.417989242625068e+18,0,0,0.45280153645706095,0.136657973304197,N,Swift-XRT,XRT,0
0,166.1005,X-ray(10keV),2.417989242625068e+18,0,0,0.40696007255253996,0.128397268777798,N,Swift-XRT,XRT,0
0,166.6338,X-ray(10keV),2.417989242625068e+18,0,0,0.41674036475457804,0.133170929217174,N,Swift-XRT,XRT,0
0,167.132,X-ray(10keV),2.417989242625068e+18,0,0,0.398400783865771,0.12063197313871,N,Swift-XRT,XRT,0
0,167.6602,X-ray(10keV),2.417989242625068e+18,0,0,0.408564627899756,0.143432802099872,N,Swift-XRT,XRT,0
0,168.1577,X-ray(10keV),2.417989242625068e+18,0,0,0.499748102667641,0.15400911975841,N,Swift-XRT,XRT,0
0,168.6945,X-ray(10keV),2.417989242625068e+18,0,0,0.417455089568824,0.149763345495076,N,Swift-XRT,XRT,0
0,169.2588,X-ray(10keV),2.417989242625068e+18,0,0,0.420067961387556,0.126287762071609,N,Swift-XRT,XRT,0
0,169.8212,X-ray(10keV),2.417989242625068e+18,0,0,0.361904394523266,0.12092218826655901,N,Swift-XRT,XRT,0
0,170.3566,X-ray(10keV),2.417989242625068e+18,0,0,0.438380516566617,0.14439752151551,N,Swift-XRT,XRT,0
0,170.8564,X-ray(10keV),2.417989242625068e+18,0,0,0.494547693446887,0.159274567509779,N,Swift-XRT,XRT,0
0,171.4307,X-ray(10keV),2.417989242625068e+18,0,0,0.418898449969526,0.15241631087872198,N,Swift-XRT,XRT,0
0,172.0488,X-ray(10keV),2.417989242625068e+18,0,0,0.39995031715934704,0.12413816696268999,N,Swift-XRT,XRT,0
0,172.6531,X-ray(10keV),2.417989242625068e+18,0,0,0.325147536040629,0.117244395332231,N,Swift-XRT,XRT,0
0,173.2782,X-ray(10keV),2.417989242625068e+18,0,0,0.323429682828359,0.104635049319476,N,Swift-XRT,XRT,0
0,173.9481,X-ray(10keV),2.417989242625068e+18,0,0,0.34962132765888604,0.117252471299835,N,Swift-XRT,XRT,0
0,174.5822,X-ray(10keV),2.417989242625068e+18,0,0,0.548434171205622,0.18682020658019402,N,Swift-XRT,XRT,0
0,175.1516,X-ray(10keV),2.417989242625068e+18,0,0,0.463764400730145,0.143435125092939,N,Swift-XRT,XRT,0
0,175.7389,X-ray(10keV),2.417989242625068e+18,0,0,0.560701475391937,0.19839197348551998,N,Swift-XRT,XRT,0
0,176.2939,X-ray(10keV),2.417989242625068e+18,0,0,0.417402046196916,0.129029389240838,N,Swift-XRT,XRT,0
0,176.8946,X-ray(10keV),2.417989242625068e+18,0,0,0.477286985644833,0.180596915222396,N,Swift-XRT,XRT,0
0,177.5084,X-ray(10keV),2.417989242625068e+18,0,0,0.426964226625646,0.140884438868732,N,Swift-XRT,XRT,0
0,178.0993,X-ray(10keV),2.417989242625068e+18,0,0,0.765773115814151,0.272861026036221,N,Swift-XRT,XRT,0
0,178.722,X-ray(10keV),2.417989242625068e+18,0,0,0.500209455191019,0.16811995869133,N,Swift-XRT,XRT,0
0,179.4701,X-ray(10keV),2.417989242625068e+18,0,0,0.416891066709559,0.148347379931763,N,Swift-XRT,XRT,0
0,180.2575,X-ray(10keV),2.417989242625068e+18,0,0,0.48929933378127305,0.160131789613913,N,Swift-XRT,XRT,0
0,180.9041,X-ray(10keV),2.417989242625068e+18,0,0,0.5827903050133121,0.20639388415694798,N,Swift-XRT,XRT,0
0,181.4953,X-ray(10keV),2.417989242625068e+18,0,0,0.527299650507788,0.178764387739914,N,Swift-XRT,XRT,0
0,182.1523,X-ray(10keV),2.417989242625068e+18,0,0,0.492915825472568,0.168000779080294,N,Swift-XRT,XRT,0
0,182.8585,X-ray(10keV),2.417989242625068e+18,0,0,0.500107587259646,0.169469215125191,N,Swift-XRT,XRT,0
0,183.4776,X-ray(10keV),2.417989242625068e+18,0,0,0.46459448243611,0.15522598556025502,N,Swift-XRT,XRT,0
0,184.0713,X-ray(10keV),2.417989242625068e+18,0,0,0.40424868108813,0.147781260892875,N,Swift-XRT,XRT,0
0,184.798,X-ray(10keV),2.417989242625068e+18,0,0,0.450805953127946,0.13876707874552,N,Swift-XRT,XRT,0
0,185.5254,X-ray(10keV),2.417989242625068e+18,0,0,0.5605458718899939,0.201254101274516,N,Swift-XRT,XRT,0
0,186.3139,X-ray(10keV),2.417989242625068e+18,0,0,0.406818223778267,0.132211164778099,N,Swift-XRT,XRT,0
0,187.1432,X-ray(10keV),2.417989242625068e+18,0,0,0.287447791830433,0.11470662522278,N,Swift-XRT,XRT,0
0,187.9426,X-ray(10keV),2.417989242625068e+18,0,0,0.408431907167168,0.136008644527177,N,Swift-XRT,XRT,0
0,188.663,X-ray(10keV),2.417989242625068e+18,0,0,0.30016179712445,0.10983594289296901,N,Swift-XRT,XRT,0
0,189.3615,X-ray(10keV),2.417989242625068e+18,0,0,0.41135431122203103,0.136015145524547,N,Swift-XRT,XRT,0
0,189.9729,X-ray(10keV),2.417989242625068e+18,0,0,0.36120359242327,0.117237867012216,N,Swift-XRT,XRT,0
0,190.7401,X-ray(10keV),2.417989242625068e+18,0,0,0.27120232791472004,0.0933133339028433,N,Swift-XRT,XRT,0
0,191.6503,X-ray(10keV),2.417989242625068e+18,0,0,0.260092843694583,0.0803869158202555,N,Swift-XRT,XRT,0
0,192.3744,X-ray(10keV),2.417989242625068e+18,0,0,0.233233070392802,0.08672454152518991,N,Swift-XRT,XRT,0
0,193.2178,X-ray(10keV),2.417989242625068e+18,0,0,0.312424170132088,0.100893042416374,N,Swift-XRT,XRT,0
0,193.984,X-ray(10keV),2.417989242625068e+18,0,0,0.450548084459098,0.158539743953753,N,Swift-XRT,XRT,0
0,194.741,X-ray(10keV),2.417989242625068e+18,0,0,0.445279177122477,0.148518177732792,N,Swift-XRT,XRT,0
0,195.5774,X-ray(10keV),2.417989242625068e+18,0,0,0.48373088055506297,0.163832787981999,N,Swift-XRT,XRT,0
0,196.2367,X-ray(10keV),2.417989242625068e+18,0,0,0.526573333994482,0.17263239431723598,N,Swift-XRT,XRT,0
0,197.0752,X-ray(10keV),2.417989242625068e+18,0,0,0.340070198100069,0.11069265815811401,N,Swift-XRT,XRT,0
0,197.9566,X-ray(10keV),2.417989242625068e+18,0,0,0.315319932449872,0.111950886226594,N,Swift-XRT,XRT,0
0,198.8026,X-ray(10keV),2.417989242625068e+18,0,0,0.29067667261737395,0.09837500171730361,N,Swift-XRT,XRT,0
0,199.6374,X-ray(10keV),2.417989242625068e+18,0,0,0.190186366651395,0.0754575815880414,N,Swift-XRT,XRT,0
0,200.5036,X-ray(10keV),2.417989242625068e+18,0,0,0.239644504739003,0.08054456143332739,N,Swift-XRT,XRT,0
0,201.4492,X-ray(10keV),2.417989242625068e+18,0,0,0.322689594606468,0.113481987157981,N,Swift-XRT,XRT,0
0,202.2443,X-ray(10keV),2.417989242625068e+18,0,0,0.47459300839844004,0.155468778977157,N,Swift-XRT,XRT,0
0,203.0669,X-ray(10keV),2.417989242625068e+18,0,0,0.48691357712285604,0.165086772141925,N,Swift-XRT,XRT,0
0,203.986,X-ray(10keV),2.417989242625068e+18,0,0,0.473484671765179,0.158425104734742,N,Swift-XRT,XRT,0
0,204.8238,X-ray(10keV),2.417989242625068e+18,0,0,0.48830828676243704,0.169074767779983,N,Swift-XRT,XRT,0
0,205.724,X-ray(10keV),2.417989242625068e+18,0,0,0.41212486634864803,0.141708781662662,N,Swift-XRT,XRT,0
0,206.5041,X-ray(10keV),2.417989242625068e+18,0,0,0.600273503211952,0.198946271724972,N,Swift-XRT,XRT,0
0,207.2539,X-ray(10keV),2.417989242625068e+18,0,0,0.556939509196499,0.195498128185775,N,Swift-XRT,XRT,0
0,208.0123,X-ray(10keV),2.417989242625068e+18,0,0,0.316091595858221,0.103662527524014,N,Swift-XRT,XRT,0
0,208.9019,X-ray(10keV),2.417989242625068e+18,0,0,0.24809892906863099,0.0909743510349824,N,Swift-XRT,XRT,0
0,209.7642,X-ray(10keV),2.417989242625068e+18,0,0,0.269849725164879,0.0894712466677972,N,Swift-XRT,XRT,0
0,210.6573,X-ray(10keV),2.417989242625068e+18,0,0,0.366812391371939,0.127624822003057,N,Swift-XRT,XRT,0
0,211.5656,X-ray(10keV),2.417989242625068e+18,0,0,0.384325360709222,0.125260219006891,N,Swift-XRT,XRT,0
0,212.4895,X-ray(10keV),2.417989242625068e+18,0,0,0.49666794664094194,0.173118585286166,N,Swift-XRT,XRT,0
0,213.3063,X-ray(10keV),2.417989242625068e+18,0,0,0.5374330249042091,0.178195620091922,N,Swift-XRT,XRT,0
0,214.1019,X-ray(10keV),2.417989242625068e+18,0,0,0.41073939723465397,0.140232502212647,N,Swift-XRT,XRT,0
0,214.9145,X-ray(10keV),2.417989242625068e+18,0,0,0.323766500629726,0.116190591586369,N,Swift-XRT,XRT,0
0,215.916,X-ray(10keV),2.417989242625068e+18,0,0,0.222110831975781,0.074583860531761,N,Swift-XRT,XRT,0
0,217.014,X-ray(10keV),2.417989242625068e+18,0,0,0.220415728782133,0.08310316646990401,N,Swift-XRT,XRT,0
0,218.162,X-ray(10keV),2.417989242625068e+18,0,0,0.17993269447392402,0.0563901444162896,N,Swift-XRT,XRT,0
0,219.248,X-ray(10keV),2.417989242625068e+18,0,0,0.179217651176864,0.0652494219957223,N,Swift-XRT,XRT,0
0,220.386,X-ray(10keV),2.417989242625068e+18,0,0,0.23192047429544801,0.0768654453392417,N,Swift-XRT,XRT,0
0,221.47,X-ray(10keV),2.417989242625068e+18,0,0,0.35235870905762795,0.113733745454053,N,Swift-XRT,XRT,0
0,222.447,X-ray(10keV),2.417989242625068e+18,0,0,0.345260016796514,0.115663739702739,N,Swift-XRT,XRT,0
0,223.3509,X-ray(10keV),2.417989242625068e+18,0,0,0.254883751531286,0.08498916594953809,N,Swift-XRT,XRT,0
0,224.57,X-ray(10keV),2.417989242625068e+18,0,0,0.156054273053984,0.0501514033048103,N,Swift-XRT,XRT,0
0,225.542,X-ray(10keV),2.417989242625068e+18,0,0,0.258152107975672,0.07194346388866571,N,Swift-XRT,XRT,0
0,226.6113,X-ray(10keV),2.417989242625068e+18,0,0,0.347308783195458,0.119207196633631,N,Swift-XRT,XRT,0
0,227.743,X-ray(10keV),2.417989242625068e+18,0,0,0.19040289381387301,0.0556017638177589,N,Swift-XRT,XRT,0
0,228.977,X-ray(10keV),2.417989242625068e+18,0,0,0.166562614826107,0.0514761845472784,N,Swift-XRT,XRT,0
0,230.098,X-ray(10keV),2.417989242625068e+18,0,0,0.12944267356039701,0.0368104458006442,N,Swift-XRT,XRT,0
0,231.179,X-ray(10keV),2.417989242625068e+18,0,0,0.119187476079465,0.0418180954699649,N,Swift-XRT,XRT,0
0,232.236,X-ray(10keV),2.417989242625068e+18,0,0,0.15037040097356,0.041729340551049,N,Swift-XRT,XRT,0
0,233.296,X-ray(10keV),2.417989242625068e+18,0,0,0.17301930293489098,0.0536914463073737,N,Swift-XRT,XRT,0
0,234.442,X-ray(10keV),2.417989242625068e+18,0,0,0.158103128587285,0.0458250426911053,N,Swift-XRT,XRT,0
0,235.4759,X-ray(10keV),2.417989242625068e+18,0,0,0.159681103936177,0.0432422614749449,N,Swift-XRT,XRT,0
0,236.559,X-ray(10keV),2.417989242625068e+18,0,0,0.102128900997909,0.0341790246427774,N,Swift-XRT,XRT,0
0,237.859,X-ray(10keV),2.417989242625068e+18,0,0,0.07161753728965181,0.0192346894393894,N,Swift-XRT,XRT,0
0,239.0759,X-ray(10keV),2.417989242625068e+18,0,0,0.0946071462159032,0.0276037323174452,N,Swift-XRT,XRT,0
0,240.192,X-ray(10keV),2.417989242625068e+18,0,0,0.0864293377900799,0.028783439545898702,N,Swift-XRT,XRT,0
0,241.276,X-ray(10keV),2.417989242625068e+18,0,0,0.0901216795698795,0.024623483205358298,N,Swift-XRT,XRT,0
0,242.639,X-ray(10keV),2.417989242625068e+18,0,0,0.0891766217072707,0.0262311412250717,N,Swift-XRT,XRT,0
0,243.919,X-ray(10keV),2.417989242625068e+18,0,0,0.10967759517171,0.0333455517581818,N,Swift-XRT,XRT,0
0,245.172,X-ray(10keV),2.417989242625068e+18,0,0,0.157618872044776,0.0415696620252983,N,Swift-XRT,XRT,0
0,246.518,X-ray(10keV),2.417989242625068e+18,0,0,0.119318032111329,0.0400496431686598,N,Swift-XRT,XRT,0
0,247.899,X-ray(10keV),2.417989242625068e+18,0,0,0.127800471900859,0.0353952438244152,N,Swift-XRT,XRT,0
0,249.366,X-ray(10keV),2.417989242625068e+18,0,0,0.160581725622557,0.0469575914953634,N,Swift-XRT,XRT,0
0,250.9,X-ray(10keV),2.417989242625068e+18,0,0,0.11802009722347499,0.0331323143703613,N,Swift-XRT,XRT,0
0,252.289,X-ray(10keV),2.417989242625068e+18,0,0,0.0816126656166266,0.0261929105194617,N,Swift-XRT,XRT,0
0,253.99,X-ray(10keV),2.417989242625068e+18,0,0,0.09498805187327401,0.0307025530924213,N,Swift-XRT,XRT,0
0,255.215,X-ray(10keV),2.417989242625068e+18,0,0,0.132010335232295,0.0377212025859886,N,Swift-XRT,XRT,0
0,256.473,X-ray(10keV),2.417989242625068e+18,0,0,0.15162533982124599,0.0468290413235181,N,Swift-XRT,XRT,0
0,257.961,X-ray(10keV),2.417989242625068e+18,0,0,0.13192637481782798,0.0349696842540528,N,Swift-XRT,XRT,0
0,259.54,X-ray(10keV),2.417989242625068e+18,0,0,0.18367741145729602,0.0589750936637182,N,Swift-XRT,XRT,0
0,260.857,X-ray(10keV),2.417989242625068e+18,0,0,0.145628934247339,0.038081790183903105,N,Swift-XRT,XRT,0
0,262.159,X-ray(10keV),2.417989242625068e+18,0,0,0.139562345763723,0.0448741480727663,N,Swift-XRT,XRT,0
0,263.49,X-ray(10keV),2.417989242625068e+18,0,0,0.111722780147803,0.031200910061057803,N,Swift-XRT,XRT,0
0,265.146,X-ray(10keV),2.417989242625068e+18,0,0,0.0912745229428593,0.026312113759381302,N,Swift-XRT,XRT,0
0,266.603,X-ray(10keV),2.417989242625068e+18,0,0,0.121685284069449,0.0369222872652599,N,Swift-XRT,XRT,0
0,267.924,X-ray(10keV),2.417989242625068e+18,0,0,0.11105626387735601,0.029563475967378502,N,Swift-XRT,XRT,0
0,269.51,X-ray(10keV),2.417989242625068e+18,0,0,0.0998700890230835,0.0349317917048204,N,Swift-XRT,XRT,0
0,271.199,X-ray(10keV),2.417989242625068e+18,0,0,0.0959949523199132,0.0264407535504616,N,Swift-XRT,XRT,0
0,273.048,X-ray(10keV),2.417989242625068e+18,0,0,0.144080983422904,0.0430736501353101,N,Swift-XRT,XRT,0
0,274.558,X-ray(10keV),2.417989242625068e+18,0,0,0.13864617201399798,0.0388321721027197,N,Swift-XRT,XRT,0
0,276.256,X-ray(10keV),2.417989242625068e+18,0,0,0.109016311130034,0.0298503965855159,N,Swift-XRT,XRT,0
0,277.972,X-ray(10keV),2.417989242625068e+18,0,0,0.100907811715308,0.0316680032299234,N,Swift-XRT,XRT,0
0,279.602,X-ray(10keV),2.417989242625068e+18,0,0,0.08667823922973049,0.0231629120222459,N,Swift-XRT,XRT,0
0,281.227,X-ray(10keV),2.417989242625068e+18,0,0,0.0669292206979394,0.0223171019554143,N,Swift-XRT,XRT,0
0,282.839,X-ray(10keV),2.417989242625068e+18,0,0,0.0867079560934739,0.0255666934543096,N,Swift-XRT,XRT,0
0,284.557,X-ray(10keV),2.417989242625068e+18,0,0,0.0839704975481865,0.0256202172170365,N,Swift-XRT,XRT,0
0,286.645,X-ray(10keV),2.417989242625068e+18,0,0,0.0837931760970979,0.0262487325599677,N,Swift-XRT,XRT,0
0,288.698,X-ray(10keV),2.417989242625068e+18,0,0,0.0960656500981222,0.027729297130795503,N,Swift-XRT,XRT,0
0,290.479,X-ray(10keV),2.417989242625068e+18,0,0,0.097169974082293,0.0306443260673009,N,Swift-XRT,XRT,0
0,292.207,X-ray(10keV),2.417989242625068e+18,0,0,0.109582891804765,0.030894883215531396,N,Swift-XRT,XRT,0
0,293.858,X-ray(10keV),2.417989242625068e+18,0,0,0.107319628140346,0.0358342542218437,N,Swift-XRT,XRT,0
0,295.729,X-ray(10keV),2.417989242625068e+18,0,0,0.0932231830979395,0.026676050760533098,N,Swift-XRT,XRT,0
0,297.637,X-ray(10keV),2.417989242625068e+18,0,0,0.11993181605507701,0.0361088312090429,N,Swift-XRT,XRT,0
0,299.19,X-ray(10keV),2.417989242625068e+18,0,0,0.111270090914798,0.0340278362114405,N,Swift-XRT,XRT,0
0,300.865,X-ray(10keV),2.417989242625068e+18,0,0,0.0953777251312676,0.025278887434514098,N,Swift-XRT,XRT,0
0,302.583,X-ray(10keV),2.417989242625068e+18,0,0,0.0865045558209164,0.0285962531108464,N,Swift-XRT,XRT,0
0,304.493,X-ray(10keV),2.417989242625068e+18,0,0,0.0784011670342615,0.0226177858328665,N,Swift-XRT,XRT,0
0,306.337,X-ray(10keV),2.417989242625068e+18,0,0,0.0977011718128718,0.0385212455550846,N,Swift-XRT,XRT,0
0,308.409,X-ray(10keV),2.417989242625068e+18,0,0,0.0758930677496586,0.0231860913198125,N,Swift-XRT,XRT,0
0,310.614,X-ray(10keV),2.417989242625068e+18,0,0,0.06822883447143141,0.022282717640620398,N,Swift-XRT,XRT,0
0,312.868,X-ray(10keV),2.417989242625068e+18,0,0,0.118065938013326,0.0331393577521709,N,Swift-XRT,XRT,0
0,314.395,X-ray(10keV),2.417989242625068e+18,0,0,0.224495040556754,0.0695626210200222,N,Swift-XRT,XRT,0
0,315.748,X-ray(10keV),2.417989242625068e+18,0,0,0.180190113845462,0.0536168964124374,N,Swift-XRT,XRT,0
0,317.462,X-ray(10keV),2.417989242625068e+18,0,0,0.10380379145048099,0.0339700290126572,N,Swift-XRT,XRT,0
0,318.965,X-ray(10keV),2.417989242625068e+18,0,0,0.114059034801808,0.0384929530323019,N,Swift-XRT,XRT,0
0,320.95,X-ray(10keV),2.417989242625068e+18,0,0,0.12466082460101899,0.0373672629659571,N,Swift-XRT,XRT,0
0,322.886,X-ray(10keV),2.417989242625068e+18,0,0,0.14738566334421102,0.0436262463963874,N,Swift-XRT,XRT,0
0,324.563,X-ray(10keV),2.417989242625068e+18,0,0,0.205534524979681,0.0582542062144097,N,Swift-XRT,XRT,0
0,326.173,X-ray(10keV),2.417989242625068e+18,0,0,0.208073068712385,0.0586793655619622,N,Swift-XRT,XRT,0
0,327.674,X-ray(10keV),2.417989242625068e+18,0,0,0.268192461346806,0.07581649513347491,N,Swift-XRT,XRT,0
0,328.962,X-ray(10keV),2.417989242625068e+18,0,0,0.225912562351765,0.0670410464999501,N,Swift-XRT,XRT,0
0,330.336,X-ray(10keV),2.417989242625068e+18,0,0,0.227514383209791,0.0679913208332672,N,Swift-XRT,XRT,0
0,331.599,X-ray(10keV),2.417989242625068e+18,0,0,0.285472886635119,0.08580966343585329,N,Swift-XRT,XRT,0
0,332.725,X-ray(10keV),2.417989242625068e+18,0,0,0.438993895007588,0.129235610173037,N,Swift-XRT,XRT,0
0,333.5653,X-ray(10keV),2.417989242625068e+18,0,0,0.6233703760556071,0.183940664469012,N,Swift-XRT,XRT,0
0,334.5226,X-ray(10keV),2.417989242625068e+18,0,0,0.8079142588520699,0.19512101540128202,N,Swift-XRT,XRT,0
0,335.1078,X-ray(10keV),2.417989242625068e+18,0,0,1.3485658352445,0.362860793058155,N,Swift-XRT,XRT,0
0,335.6297,X-ray(10keV),2.417989242625068e+18,0,0,1.27363823446347,0.306500457940988,N,Swift-XRT,XRT,0
0,336.2821,X-ray(10keV),2.417989242625068e+18,0,0,0.9936503284158531,0.235775282670592,N,Swift-XRT,XRT,0
0,337.1485,X-ray(10keV),2.417989242625068e+18,0,0,1.63900173570307,0.373302672979987,N,Swift-XRT,XRT,0
0,337.9319,X-ray(10keV),2.417989242625068e+18,0,0,1.72290154023816,0.34802600198817,N,Swift-XRT,XRT,0
0,338.6045,X-ray(10keV),2.417989242625068e+18,0,0,2.64915591858963,0.5940917223994621,N,Swift-XRT,XRT,0
0,339.192,X-ray(10keV),2.417989242625068e+18,0,0,2.63679002833097,0.5317001043366071,N,Swift-XRT,XRT,0
0,339.7862,X-ray(10keV),2.417989242625068e+18,0,0,3.46085600660261,0.688318899231216,N,Swift-XRT,XRT,0
0,340.3107,X-ray(10keV),2.417989242625068e+18,0,0,2.91968356762529,0.6862590091123439,N,Swift-XRT,XRT,0
0,340.8644,X-ray(10keV),2.417989242625068e+18,0,0,2.23115412462702,0.452777234306231,N,Swift-XRT,XRT,0
0,341.4451,X-ray(10keV),2.417989242625068e+18,0,0,2.79408016883649,0.625045338020888,N,Swift-XRT,XRT,0
0,341.98,X-ray(10keV),2.417989242625068e+18,0,0,2.3999974254151604,0.517277702101981,N,Swift-XRT,XRT,0
0,342.5248,X-ray(10keV),2.417989242625068e+18,0,0,2.8203794198514403,0.5422893387808739,N,Swift-XRT,XRT,0
0,343.183,X-ray(10keV),2.417989242625068e+18,0,0,2.21555343719736,0.485424720949458,N,Swift-XRT,XRT,0
0,343.8685,X-ray(10keV),2.417989242625068e+18,0,0,2.0918133613689998,0.430292486929042,N,Swift-XRT,XRT,0
0,344.498,X-ray(10keV),2.417989242625068e+18,0,0,2.14680775694496,0.433730532068292,N,Swift-XRT,XRT,0
0,345.3114,X-ray(10keV),2.417989242625068e+18,0,0,1.4861708828822,0.37775756995821397,N,Swift-XRT,XRT,0
0,346.077,X-ray(10keV),2.417989242625068e+18,0,0,1.70245587923031,0.36534341731773895,N,Swift-XRT,XRT,0
0,346.9493,X-ray(10keV),2.417989242625068e+18,0,0,1.9576058793727902,0.38050384534244297,N,Swift-XRT,XRT,0
0,347.7496,X-ray(10keV),2.417989242625068e+18,0,0,2.4434811055534102,0.537975560469527,N,Swift-XRT,XRT,0
0,348.5806,X-ray(10keV),2.417989242625068e+18,0,0,1.80694854044076,0.36094532933788304,N,Swift-XRT,XRT,0
0,349.5117,X-ray(10keV),2.417989242625068e+18,0,0,1.83319564422381,0.36872067431578,N,Swift-XRT,XRT,0
0,350.51,X-ray(10keV),2.417989242625068e+18,0,0,1.31746582357479,0.33267259221907797,N,Swift-XRT,XRT,0
0,351.3917,X-ray(10keV),2.417989242625068e+18,0,0,1.47863413569402,0.318751946594366,N,Swift-XRT,XRT,0
0,352.3271,X-ray(10keV),2.417989242625068e+18,0,0,1.35263591592699,0.26422035681010303,N,Swift-XRT,XRT,0
0,353.288,X-ray(10keV),2.417989242625068e+18,0,0,1.4322916608749,0.310536358241629,N,Swift-XRT,XRT,0
0,354.177,X-ray(10keV),2.417989242625068e+18,0,0,1.2244772856689001,0.284871379814628,N,Swift-XRT,XRT,0
0,3635.528,X-ray(10keV),2.417989242625068e+18,0,0,0.00184229901170567,0.0009671030118368819,N,Swift-XRT,XRT,0
0,3640.322,X-ray(10keV),2.417989242625068e+18,0,0,0.0018560526707808401,0.0009824807815759819,N,Swift-XRT,XRT,0
0,3645.064,X-ray(10keV),2.417989242625068e+18,0,0,0.0017466299336388802,0.00078056507288297,N,Swift-XRT,XRT,0
0,3651.233,X-ray(10keV),2.417989242625068e+18,0,0,0.0012542260615913102,0.00048204573488486196,N,Swift-XRT,XRT,0
0,3658.027,X-ray(10keV),2.417989242625068e+18,0,0,0.0020814456850990802,0.000964383376218743,N,Swift-XRT,XRT,0
0,3662.77,X-ray(10keV),2.417989242625068e+18,0,0,0.0019179316659246998,0.000854276515516233,N,Swift-XRT,XRT,0
0,3667.719,X-ray(10keV),2.417989242625068e+18,0,0,0.0012045176630469299,0.000485845216727346,N,Swift-XRT,XRT,0
0,3672.945,X-ray(10keV),2.417989242625068e+18,0,0,0.00112032799072649,0.000500091366683806,N,Swift-XRT,XRT,0
0,3677.871,X-ray(10keV),2.417989242625068e+18,0,0,0.0007611604377119979,0.000414646292839753,N,Swift-XRT,XRT,0
0,3683.744,X-ray(10keV),2.417989242625068e+18,0,0,0.000793993166818498,0.000392493038211507,N,Swift-XRT,XRT,0
0,3687.879,X-ray(10keV),2.417989242625068e+18,0,0,0.000966649104264031,0.00043661959091802904,N,Swift-XRT,XRT,0
0,3692.825,X-ray(10keV),2.417989242625068e+18,0,0,0.0009600898345809929,0.000412035903446395,N,Swift-XRT,XRT,0
0,3697.526,X-ray(10keV),2.417989242625068e+18,0,0,0.0010251673616321298,0.000500396737628327,N,Swift-XRT,XRT,0
0,3704.178,X-ray(10keV),2.417989242625068e+18,0,0,0.000933274957483303,0.000454916067963285,N,Swift-XRT,XRT,0
0,3710.486,X-ray(10keV),2.417989242625068e+18,0,0,0.00237027422442396,0.0009646617497173,N,Swift-XRT,XRT,0
0,3716.51,X-ray(10keV),2.417989242625068e+18,0,0,0.00253483447408181,0.0011889695154585801,N,Swift-XRT,XRT,0
0,3722.934,X-ray(10keV),2.417989242625068e+18,0,0,0.00335336915320513,0.00150099492457601,N,Swift-XRT,XRT,0
0,3729.526,X-ray(10keV),2.417989242625068e+18,0,0,0.00241114299952501,0.000933148142771025,N,Swift-XRT,XRT,0
0,3734.662,X-ray(10keV),2.417989242625068e+18,0,0,0.0026894037430478103,0.00125707293078789,N,Swift-XRT,XRT,0
0,3739.362,X-ray(10keV),2.417989242625068e+18,0,0,0.00159302613584061,0.000956376258704848,N,Swift-XRT,XRT,0
0,3744.875,X-ray(10keV),2.417989242625068e+18,0,0,0.00171651870287583,0.000881590807710349,N,Swift-XRT,XRT,0
0,3749.912,X-ray(10keV),2.417989242625068e+18,0,0,0.0021835482594320097,0.00110299331370209,N,Swift-XRT,XRT,0
0,3768.757,X-ray(10keV),2.417989242625068e+18,0,0,0.000799064235342823,0.0006891419836519711,N,Swift-XRT,XRT,0
0,3788.762,X-ray(10keV),2.417989242625068e+18,0,0,0.00139474499632922,0.0009037218242129599,N,Swift-XRT,XRT,0
0,3810.12,X-ray(10keV),2.417989242625068e+18,0,0,0.0010538956662245402,0.000514733037663481,N,Swift-XRT,XRT,0
0,3834.199,X-ray(10keV),2.417989242625068e+18,0,0,0.00268960673569079,0.0012751442678444,N,Swift-XRT,XRT,0
0,3851.122,X-ray(10keV),2.417989242625068e+18,0,0,0.00257282864689235,0.00147838087136964,N,Swift-XRT,XRT,0
0,3872.126,X-ray(10keV),2.417989242625068e+18,0,0,0.00424066585309808,0.00183536008972323,N,Swift-XRT,XRT,0
0,3890.481,X-ray(10keV),2.417989242625068e+18,0,0,0.0067225944867879694,0.00332090703888963,N,Swift-XRT,XRT,0
0,3907.318,X-ray(10keV),2.417989242625068e+18,0,0,0.00603987356021513,0.00286791384369094,N,Swift-XRT,XRT,0
0,3925.94,X-ray(10keV),2.417989242625068e+18,0,0,0.00199224899652683,0.000884620618788777,N,Swift-XRT,XRT,0
0,3955.673,X-ray(10keV),2.417989242625068e+18,0,0,0.000697930971064898,0.000430613021345367,N,Swift-XRT,XRT,0
0,3976.328,X-ray(10keV),2.417989242625068e+18,0,0,0.0011251041313110502,0.00055366993911416,N,Swift-XRT,XRT,0
0,3991.42,X-ray(10keV),2.417989242625068e+18,0,0,0.0013699425413790799,0.000628687243602923,N,Swift-XRT,XRT,0
0,4008.959,X-ray(10keV),2.417989242625068e+18,0,0,0.000847982144946687,0.00043355407225131805,N,Swift-XRT,XRT,0
0,4034.944,X-ray(10keV),2.417989242625068e+18,0,0,0.0007447788322818379,0.000404736401994174,N,Swift-XRT,XRT,0
0,4053.453,X-ray(10keV),2.417989242625068e+18,0,0,0.0016506134080936999,0.000771730119422821,N,Swift-XRT,XRT,0
0,4071.409,X-ray(10keV),2.417989242625068e+18,0,0,0.00109610904508585,0.000526414708828148,N,Swift-XRT,XRT,0
0,4093.829,X-ray(10keV),2.417989242625068e+18,0,0,0.0009155323770288521,0.000570300202333127,N,Swift-XRT,XRT,0
0,4116.738,X-ray(10keV),2.417989242625068e+18,0,0,0.00189327586000353,0.000888261979030546,N,Swift-XRT,XRT,0
0,4132.32,X-ray(10keV),2.417989242625068e+18,0,0,0.00265529418498815,0.00128781208598183,N,Swift-XRT,XRT,0
0,4150.667,X-ray(10keV),2.417989242625068e+18,0,0,0.00270889935162078,0.00158871688128938,N,Swift-XRT,XRT,0
0,4169.929,X-ray(10keV),2.417989242625068e+18,0,0,0.00235371500383493,0.00110397300810675,N,Swift-XRT,XRT,0
0,4187.776,X-ray(10keV),2.417989242625068e+18,0,0,0.00182208862478368,0.000895056022717793,N,Swift-XRT,XRT,0
0,4212.421,X-ray(10keV),2.417989242625068e+18,0,0,0.00108126324170002,0.0006091187955419849,N,Swift-XRT,XRT,0
0,4233.74,X-ray(10keV),2.417989242625068e+18,0,0,0.00150088511491768,0.0007110236203734149,N,Swift-XRT,XRT,0
0,4261.201,X-ray(10keV),2.417989242625068e+18,0,0,0.00104368524771275,0.000529867683333447,N,Swift-XRT,XRT,0
0,4287.891,X-ray(10keV),2.417989242625068e+18,0,0,0.0011112563855911301,0.000628131854999813,N,Swift-XRT,XRT,0
0,4314.974,X-ray(10keV),2.417989242625068e+18,0,0,0.0012836199345086698,0.000596190784998403,N,Swift-XRT,XRT,0
0,4338.096,X-ray(10keV),2.417989242625068e+18,0,0,0.00156178499057766,0.000797387520508936,N,Swift-XRT,XRT,0
0,4362.215,X-ray(10keV),2.417989242625068e+18,0,0,0.0019709071158785403,0.0011037036608621401,N,Swift-XRT,XRT,0
0,4390.942,X-ray(10keV),2.417989242625068e+18,0,0,0.00140314029113378,0.000640059360358141,N,Swift-XRT,XRT,0
0,4422.151,X-ray(10keV),2.417989242625068e+18,0,0,0.00252023138339213,0.0014235416399131999,N,Swift-XRT,XRT,0
0,4443.602,X-ray(10keV),2.417989242625068e+18,0,0,0.0028439918673391997,0.00131157322348981,N,Swift-XRT,XRT,0
0,4465.79,X-ray(10keV),2.417989242625068e+18,0,0,0.00357203420420849,0.00177975538285976,N,Swift-XRT,XRT,0
0,4484.598,X-ray(10keV),2.417989242625068e+18,0,0,0.00399539050955609,0.0019868140649101,N,Swift-XRT,XRT,0
0,4503.128,X-ray(10keV),2.417989242625068e+18,0,0,0.00153241350602072,0.000693471978423474,N,Swift-XRT,XRT,0
0,4521.61,X-ray(10keV),2.417989242625068e+18,0,0,0.00117578939674802,0.000651805544849405,N,Swift-XRT,XRT,0
0,4546.708,X-ray(10keV),2.417989242625068e+18,0,0,0.000727086047500594,0.00037840077642357597,N,Swift-XRT,XRT,0
0,4570.973,X-ray(10keV),2.417989242625068e+18,0,0,0.000941054627148393,0.000443630759440323,N,Swift-XRT,XRT,0
0,4593.777,X-ray(10keV),2.417989242625068e+18,0,0,0.00117494084620718,0.0006361390954846791,N,Swift-XRT,XRT,0
0,4612.469,X-ray(10keV),2.417989242625068e+18,0,0,0.0013977916675416099,0.000802002527965688,N,Swift-XRT,XRT,0
0,4639.929,X-ray(10keV),2.417989242625068e+18,0,0,0.00148813948408209,0.00068269495524905,N,Swift-XRT,XRT,0
0,4661.11,X-ray(10keV),2.417989242625068e+18,0,0,0.0022559622385546698,0.00121013817042644,N,Swift-XRT,XRT,0
0,4683.391,X-ray(10keV),2.417989242625068e+18,0,0,0.00354110267738627,0.00170296959868143,N,Swift-XRT,XRT,0
0,4707.178,X-ray(10keV),2.417989242625068e+18,0,0,0.004427059333482439,0.00214875294680494,N,Swift-XRT,XRT,0
0,4726.85,X-ray(10keV),2.417989242625068e+18,0,0,0.00453166532542693,0.00228600361779385,N,Swift-XRT,XRT,0
0,4746.909,X-ray(10keV),2.417989242625068e+18,0,0,0.00296516201746936,0.0013468968408377401,N,Swift-XRT,XRT,0
0,4772.133,X-ray(10keV),2.417989242625068e+18,0,0,0.00111193965591762,0.000667299748911889,N,Swift-XRT,XRT,0
0,4803.263,X-ray(10keV),2.417989242625068e+18,0,0,0.00215738206841962,0.000966428239739147,N,Swift-XRT,XRT,0
0,4832.756,X-ray(10keV),2.417989242625068e+18,0,0,0.00306468156595613,0.00156437675659664,N,Swift-XRT,XRT,0
0,4854.913,X-ray(10keV),2.417989242625068e+18,0,0,0.00274672334968953,0.00129941179800468,N,Swift-XRT,XRT,0
0,4880.99,X-ray(10keV),2.417989242625068e+18,0,0,0.00200502881021521,0.000916910748142523,N,Swift-XRT,XRT,0
0,4902.84,X-ray(10keV),2.417989242625068e+18,0,0,0.00142600440122146,0.0008327905707842851,N,Swift-XRT,XRT,0
0,4927.195,X-ray(10keV),2.417989242625068e+18,0,0,0.00128822985007535,0.000625430180219423,N,Swift-XRT,XRT,0
0,4953.348,X-ray(10keV),2.417989242625068e+18,0,0,0.00102839471997592,0.000488700193482403,N,Swift-XRT,XRT,0
0,4978.764,X-ray(10keV),2.417989242625068e+18,0,0,0.00106200731421177,0.0006406862601550599,N,Swift-XRT,XRT,0
0,5000.388,X-ray(10keV),2.417989242625068e+18,0,0,0.00138432889953129,0.0007078784801787761,N,Swift-XRT,XRT,0
0,5027.812,X-ray(10keV),2.417989242625068e+18,0,0,0.00129208741966735,0.0005226291305998331,N,Swift-XRT,XRT,0
0,5048.504,X-ray(10keV),2.417989242625068e+18,0,0,0.00173303475114508,0.0007381645537622,N,Swift-XRT,XRT,0
0,5066.416,X-ray(10keV),2.417989242625068e+18,0,0,0.00252389833182311,0.00121659621934422,N,Swift-XRT,XRT,0
0,5092.2,X-ray(10keV),2.417989242625068e+18,0,0,0.00215396548236342,0.0009881582805972109,N,Swift-XRT,XRT,0
0,14929.044,X-ray(10keV),2.417989242625068e+18,0,0,0.00117409313135916,0.0006988379230308259,N,Swift-XRT,XRT,0
0,15021.06,X-ray(10keV),2.417989242625068e+18,0,0,0.00101035700709147,0.000555819457762679,N,Swift-XRT,XRT,0
0,15106.08,X-ray(10keV),2.417989242625068e+18,0,0,0.00136309581995695,0.000630560485902563,N,Swift-XRT,XRT,0
0,15197.701,X-ray(10keV),2.417989242625068e+18,0,0,0.000540380086080467,0.00027476240698411504,N,Swift-XRT,XRT,0
0,15340.279,X-ray(10keV),2.417989242625068e+18,0,0,0.00026535798741862703,0.000142482151071354,N,Swift-XRT,XRT,0
0,15475.735,X-ray(10keV),2.417989242625068e+18,0,0,0.000379777558766086,0.000178683402947279,N,Swift-XRT,XRT,0
0,15571.411,X-ray(10keV),2.417989242625068e+18,0,0,0.000320099876655173,0.000168664370042071,N,Swift-XRT,XRT,0
0,15669.319,X-ray(10keV),2.417989242625068e+18,0,0,0.00024263071102337898,0.000155596438651336,N,Swift-XRT,XRT,0
0,15806.295,X-ray(10keV),2.417989242625068e+18,0,0,0.000258428696264108,0.000125524003835024,N,Swift-XRT,XRT,0
0,15933.983,X-ray(10keV),2.417989242625068e+18,0,0,0.000646504494870881,0.000316986328924863,N,Swift-XRT,XRT,0
0,16039.29,X-ray(10keV),2.417989242625068e+18,0,0,0.000705276746999417,0.00042298885898837095,N,Swift-XRT,XRT,0
0,16136.08,X-ray(10keV),2.417989242625068e+18,0,0,0.0009409911010035439,0.000449916493216328,N,Swift-XRT,XRT,0
0,16203.908,X-ray(10keV),2.417989242625068e+18,0,0,0.00114924876341524,0.0004899292633310109,N,Swift-XRT,XRT,0
0,16283.63,X-ray(10keV),2.417989242625068e+18,0,0,0.000844387233182542,0.000363062149710159,N,Swift-XRT,XRT,0
0,16408.193,X-ray(10keV),2.417989242625068e+18,0,0,0.000425742666301656,0.00021393124416927502,N,Swift-XRT,XRT,0
0,16550.146,X-ray(10keV),2.417989242625068e+18,0,0,0.0006587336864155761,0.00031555543257052505,N,Swift-XRT,XRT,0
0,21164.624,X-ray(10keV),2.417989242625068e+18,0,0,0.000270321012242791,0.00016507011281442798,N,Swift-XRT,XRT,0
0,21309.925,X-ray(10keV),2.417989242625068e+18,0,0,0.000246638258073542,0.000150405623911139,N,Swift-XRT,XRT,0
0,21395.816,X-ray(10keV),2.417989242625068e+18,0,0,0.000230983548830306,0.000117980422558936,N,Swift-XRT,XRT,0
0,21467.144,X-ray(10keV),2.417989242625068e+18,0,0,0.000391664539582421,0.000176969218345431,N,Swift-XRT,XRT,0
0,21584.599,X-ray(10keV),2.417989242625068e+18,0,0,0.00035461866905073,0.000154241272613094,N,Swift-XRT,XRT,0
0,21712.223,X-ray(10keV),2.417989242625068e+18,0,0,0.000289552430268938,0.000150700405450001,N,Swift-XRT,XRT,0
0,21914.984,X-ray(10keV),2.417989242625068e+18,0,0,0.000312902055443916,0.00015375550499240702,N,Swift-XRT,XRT,0
0,31927.913,X-ray(10keV),2.417989242625068e+18,0,0,0.000298367532826525,0.000180258571816137,N,Swift-XRT,XRT,0
0,32021.681,X-ray(10keV),2.417989242625068e+18,0,0,0.00023664767127171398,0.000136627322359611,N,Swift-XRT,XRT,0
0,32108.562,X-ray(10keV),2.417989242625068e+18,0,0,0.000260760632930974,0.00012183394452871002,N,Swift-XRT,XRT,0
0,32215.876,X-ray(10keV),2.417989242625068e+18,0,0,0.000257181894239004,0.000131393116051882,N,Swift-XRT,XRT,0
0,32335.844,X-ray(10keV),2.417989242625068e+18,0,0,0.000199483854210987,0.000105804596688001,N,Swift-XRT,XRT,0
0,32422.351,X-ray(10keV),2.417989242625068e+18,0,0,0.000229831084316268,0.000102537963708451,N,Swift-XRT,XRT,0
0,32509.983,X-ray(10keV),2.417989242625068e+18,0,0,0.00023737512582142702,9.51573834783029e-05,N,Swift-XRT,XRT,0
0,32611.153,X-ray(10keV),2.417989242625068e+18,0,0,0.000156195219772402,6.479545500492499e-05,N,Swift-XRT,XRT,0
0,32691.144,X-ray(10keV),2.417989242625068e+18,0,0,0.000253751910415201,0.00011697862355220101,N,Swift-XRT,XRT,0
0,32778.632,X-ray(10keV),2.417989242625068e+18,0,0,0.00013047483132636,5.93976030532346e-05,N,Swift-XRT,XRT,0
0,32919.178,X-ray(10keV),2.417989242625068e+18,0,0,0.000158275785119407,6.86294214662901e-05,N,Swift-XRT,XRT,0
0,37487.066,X-ray(10keV),2.417989242625068e+18,0,0,6.822410698380261e-05,4.17255398623192e-05,N,Swift-XRT,XRT,0
0,37626.844,X-ray(10keV),2.417989242625068e+18,0,0,7.01702617783567e-05,4.3880810426733e-05,N,Swift-XRT,XRT,0
0,37787.12,X-ray(10keV),2.417989242625068e+18,0,0,7.824003193307551e-05,4.0948518571456204e-05,N,Swift-XRT,XRT,0
0,37958.815,X-ray(10keV),2.417989242625068e+18,0,0,9.72767782953235e-05,4.26954817022123e-05,N,Swift-XRT,XRT,0
0,38097.209,X-ray(10keV),2.417989242625068e+18,0,0,0.000219138514972001,0.000102643566797978,N,Swift-XRT,XRT,0
0,38196.647,X-ray(10keV),2.417989242625068e+18,0,0,0.000273026602754752,0.00014519986474342201,N,Swift-XRT,XRT,0
0,38344.819,X-ray(10keV),2.417989242625068e+18,0,0,0.00015597596697339,8.08520092788422e-05,N,Swift-XRT,XRT,0
0,42375.199,X-ray(10keV),2.417989242625068e+18,0,0,0.00013218595023516502,7.949611489311851e-05,N,Swift-XRT,XRT,0
0,42455.432,X-ray(10keV),2.417989242625068e+18,0,0,0.000125933251484434,7.631306430414259e-05,N,Swift-XRT,XRT,0
0,42565.755,X-ray(10keV),2.417989242625068e+18,0,0,0.000176005915854926,8.01691963170401e-05,N,Swift-XRT,XRT,0
0,42678.83,X-ray(10keV),2.417989242625068e+18,0,0,0.00032148837511214304,0.00016210368262345402,N,Swift-XRT,XRT,0
0,42801.936,X-ray(10keV),2.417989242625068e+18,0,0,0.00038556593175426,0.000184217203760618,N,Swift-XRT,XRT,0
0,42976.916,X-ray(10keV),2.417989242625068e+18,0,0,0.000178933588891013,8.67701621397213e-05,N,Swift-XRT,XRT,0
0,43128.772,X-ray(10keV),2.417989242625068e+18,0,0,0.00019258890356512799,9.445067947044809e-05,N,Swift-XRT,XRT,0
0,43219.917,X-ray(10keV),2.417989242625068e+18,0,0,0.000182217364564016,8.38018570448257e-05,N,Swift-XRT,XRT,0
0,43320.957,X-ray(10keV),2.417989242625068e+18,0,0,9.99183460268953e-05,5.84643794483128e-05,N,Swift-XRT,XRT,0
0,43413.608,X-ray(10keV),2.417989242625068e+18,0,0,0.00013237702281025,6.49597833785994e-05,N,Swift-XRT,XRT,0
0,43485.82,X-ray(10keV),2.417989242625068e+18,0,0,0.000141123339232138,6.48614938493399e-05,N,Swift-XRT,XRT,0
0,43572.822,X-ray(10keV),2.417989242625068e+18,0,0,0.000114982123157205,6.26723451959923e-05,N,Swift-XRT,XRT,0
0,43698.287,X-ray(10keV),2.417989242625068e+18,0,0,9.08549763218726e-05,5.34626793064713e-05,N,Swift-XRT,XRT,0
0,91544.964,X-ray(10keV),2.417989242625068e+18,0,0,4.02081937815052e-05,2.1405102470788e-05,N,Swift-XRT,XRT,0
0,91794.907,X-ray(10keV),2.417989242625068e+18,0,0,2.8862342495676797e-05,1.58735239844462e-05,N,Swift-XRT,XRT,0
0,92018.179,X-ray(10keV),2.417989242625068e+18,0,0,2.90375737139671e-05,1.58916131871115e-05,N,Swift-XRT,XRT,0
0,92247.759,X-ray(10keV),2.417989242625068e+18,0,0,4.52360481858668e-05,2.32663885416704e-05,N,Swift-XRT,XRT,0
0,92493.763,X-ray(10keV),2.417989242625068e+18,0,0,2.58149712816804e-05,1.3284500343156401e-05,N,Swift-XRT,XRT,0
0,96604.642,X-ray(10keV),2.417989242625068e+18,0,0,4.9959024322425103e-05,2.24634676517791e-05,N,Swift-XRT,XRT,0
0,96837.962,X-ray(10keV),2.417989242625068e+18,0,0,4.03612881839997e-05,1.86376578509276e-05,N,Swift-XRT,XRT,0
0,97082.679,X-ray(10keV),2.417989242625068e+18,0,0,6.14984107541262e-05,2.89764097661911e-05,N,Swift-XRT,XRT,0
0,97309.186,X-ray(10keV),2.417989242625068e+18,0,0,4.4393675101493005e-05,2.15779776825469e-05,N,Swift-XRT,XRT,0
0,97577.813,X-ray(10keV),2.417989242625068e+18,0,0,5.34065629968916e-05,2.5836198405671102e-05,N,Swift-XRT,XRT,0
0,101351.787,X-ray(10keV),2.417989242625068e+18,0,0,3.34769069675784e-05,1.42642315217722e-05,N,Swift-XRT,XRT,0
0,172773.909,X-ray(10keV),2.417989242625068e+18,0,0,1.38083942276207e-05,8.113405336287851e-06,N,Swift-XRT,XRT,0
0,173609.773,X-ray(10keV),2.417989242625068e+18,0,0,8.60551059119773e-06,4.79562187405482e-06,N,Swift-XRT,XRT,0
0,194869.133,X-ray(10keV),2.417989242625068e+18,0,0,7.29234766916812e-06,3.45765635471278e-06,N,Swift-XRT,XRT,0
0,289460.388,X-ray(10keV),2.417989242625068e+18,0,0,3.47183052673828e-06,1.9555364963920297e-06,N,Swift-XRT,XRT,0
0,405044.381,X-ray(10keV),2.417989242625068e+18,0,0,2.50346587371441e-06,2.20408234930368e-06,N,Swift-XRT,XRT,0
0,473146.107,X-ray(10keV),2.417989242625068e+18,0,0,1.73625847604238e-06,1.16452272334633e-06,N,Swift-XRT,XRT,0
0,717307.667,X-ray(10keV),2.417989242625068e+18,0,0,4.95636920539898e-07,3.5936204863088404e-07,N,Swift-XRT,XRT,0
