MJD,Times,Fluxes,FluxErrs,Filt,Freqs,UL,Instrument,Filter System,GCN
61307.05366,233,4.87528490103385,0.08980606669775597,white,864000000000000.0,N,Swift/UVOT,,45735
61307.05505,353,0.5915616341754767,0.1307636160422064,u,856000000000000.0,N,Swift/UVOT,,45735
61307.09421,3737,2.4524490860720283,0.06776367248299589,b,693000000000000.0,N,Swift/UVOT,,45735
61307.09896,4148,0.0758577575029182,6.986757664567069e-12,w2,1480000000000000.0,Y,Swift/UVOT,,45735
61307.10135,4354,4.41367143463436,0.12195424860915269,v,555000000000000.0,N,Swift/UVOT,,45735
61307.10372,4559,0.0758577575029182,6.986757664567069e-12,m2,1340000000000000.0,Y,Swift/UVOT,,45735
61307.1061,4764,0.14454397707459282,1.3312992275761224e-11,w1,1140000000000000.0,Y,Swift/UVOT,,45735
61307.23538,15934,1.3304544179780873,0.02450787607795531,r,486000000000000.0,N,NOT,SDSS,45718
61307.23538,15934,1.5995580286146451,0.029464947776536205,z,336000000000000.0,N,NOT,SDSS,45718
61307.8207,66505,0.09817479430199705,0.00904223271470141,g,640000000000000.0,N,SLT,,45748
61307.8328,67551,0.193018972763457,0.007111081749602558,r,486000000000000.0,N,LOT,,45748
61307.93013,75960,0.22866516029195094,0.004212167915002722,J,239800000000000.0,N,SYSU,2MASS,45736
61307.943,77072,0.1485935642287009,0.00958018112542008,r,486000000000000.0,N,GIT,SDSS,45734
61307.947,77418,0.14588142602753415,0.00806170552597713,r,486000000000000.0,N,GIT,SDSS,45734
61307.95,77677,0.14060475241299128,0.0064750881382054475,r,486000000000000.0,N,GIT,SDSS,45734
61307.954,78023,0.06309573444801891,0.005811331902860772,g,640000000000000.0,N,GIT,SDSS,45734
61307.958,78368,0.06668067692136191,0.004299062114756642,g,640000000000000.0,N,GIT,SDSS,45734
61307.962,78714,0.06426877173170142,0.0041435608405646805,g,640000000000000.0,N,GIT,SDSS,45734
61308.14888,94860,0.09727472237769641,0.0071674664215045794,r,486000000000000.0,N,Ondrejov D50,SDSS,45745
61308.93846,163080,0.06474407045688092,5.963149259750809e-12,J,239800000000000.0,Y,SYSU,2MASS,45758
61309.04549,172327,0.0434110209707341,0.011994908371063711,R,467700000000000.0,N,AbAO,,45774
61309.48846,210600,0.02992264636608183,0.0008267932735856698,r,486000000000000.0,N,COLIBRI,,45759
61309.48846,210600,0.03767037989839062,0.0010408710624174818,z,336000000000000.0,N,COLIBRI,,45759
61309.51721,213084,0.043251383103500796,0.007967199198839639,J-IR,239800000000000.0,N,MDM/MIRAGE,YJHs,45762
61309.52704,213933,0.0758577575029182,0.0,Hs-IR,192800000000000.0,Y,MDM/MIRAGE,YJHs,45762
61309.65096,224640,0.6,0.1,radio(15GHz),15000000000.0,N,VLA,,45776
61310.0426,258478,0.0434110209707341,3.998302790354571e-12,R,467700000000000.0,Y,AbAO,,45774
