Times,Freqs,Fluxes,FluxErrs,Filt,Instrument,UL
25464.9,2.42E+18,1.66E-04,3.72E-05,X-ray(10keV),XRT,N
25542.6,2.42E+18,2.74E-04,6.00E-05,X-ray(10keV),XRT,N
25601.8,2.42E+18,2.37E-04,5.34E-05,X-ray(10keV),XRT,N
25676.6,2.42E+18,1.73E-04,3.80E-05,X-ray(10keV),XRT,N
25768.4,2.42E+18,2.92E-04,6.55E-05,X-ray(10keV),XRT,N
25837.5,2.42E+18,3.81E-04,8.58E-05,X-ray(10keV),XRT,N
25919.3,2.42E+18,4.61E-04,1.01E-04,X-ray(10keV),XRT,N
25986.7,2.42E+18,3.06E-04,6.88E-05,X-ray(10keV),XRT,N
26061.9,2.42E+18,9.57E-05,2.09E-05,X-ray(10keV),XRT,N
26167.2,2.42E+18,8.93E-05,2.01E-05,X-ray(10keV),XRT,N
26239.1,2.42E+18,1.99E-04,4.47E-05,X-ray(10keV),XRT,N
26265.6,2.42E+18,2.29E-04,9.50E-05,X-ray(10keV),XRT,N
26315.4,2.42E+18,2.48E-04,5.59E-05,X-ray(10keV),XRT,N
26410.5,2.42E+18,2.58E-04,5.79E-05,X-ray(10keV),XRT,N
26493.5,2.42E+18,4.34E-04,9.74E-05,X-ray(10keV),XRT,N
26586.3,2.42E+18,3.11E-04,7.00E-05,X-ray(10keV),XRT,N
26676.3,2.42E+18,2.65E-04,5.97E-05,X-ray(10keV),XRT,N
26808.7,2.42E+18,2.42E-04,5.45E-05,X-ray(10keV),XRT,N
26917.4,2.42E+18,2.47E-04,5.43E-05,X-ray(10keV),XRT,N
27009.4,2.42E+18,2.63E-04,5.91E-05,X-ray(10keV),XRT,N
27118.1,2.42E+18,1.69E-04,3.11E-05,X-ray(10keV),XRT,N
31016.8,2.42E+18,2.25E-04,5.05E-05,X-ray(10keV),XRT,N
31017.6,483840000000000,0.1099578524,0.004050996988,r,ZTF,N
31017.6,483840000000000,0.1099578524,0.004050996988,r,ZTF,N
31017.6,483840000000000,0.1120021215,0.002063155322,r,ZTF,N
31183.0,2.42E+18,1.98E-04,4.43E-05,X-ray(10keV),XRT,N
31316.5,2.42E+18,3.46E-04,7.80E-05,X-ray(10keV),XRT,N
31479.1,2.42E+18,4.59E-04,1.03E-04,X-ray(10keV),XRT,N
31623.8,2.42E+18,3.48E-04,7.82E-05,X-ray(10keV),XRT,N
31780.2,2.42E+18,1.93E-04,4.33E-05,X-ray(10keV),XRT,N
31795.2,2.42E+18,1.77E-04,5.71E-05,X-ray(10keV),XRT,N
31934.8,2.42E+18,2.27E-04,5.09E-05,X-ray(10keV),XRT,N
32078.0,2.42E+18,1.92E-04,4.30E-05,X-ray(10keV),XRT,N
32248.9,2.42E+18,2.23E-04,5.00E-05,X-ray(10keV),XRT,N
32551.6,2.42E+18,1.79E-04,3.91E-05,X-ray(10keV),XRT,N
32572.8,483840000000000,0.1002827532,0.002770914872,r,ZTF,N
32572.8,483840000000000,0.1002827532,0.002770914872,r,ZTF,N
32572.8,483840000000000,0.09936335543,0.000915170324,r,ZTF,N
33955.2,624900000000000,0.08219137556,0.002271031634,g,ZTF,N
33955.2,624900000000000,0.08219137556,0.002271031634,g,ZTF,N
33955.2,624900000000000,0.08069121389,0.000743193545,g,ZTF,N
35510.4,624900000000000,0.0799514324,0.002209139717,g,ZTF,N
35510.4,624900000000000,0.0799514324,0.002209139717,g,ZTF,N
35510.4,624900000000000,0.07495942542,0.002071205467,g,ZTF,N
36729.3,2.42E+18,8.90E-05,1.99E-05,X-ray(10keV),XRT,N
36850.5,2.42E+18,5.00E-05,1.12E-05,X-ray(10keV),XRT,N
37037.5,2.42E+18,7.73E-05,1.74E-05,X-ray(10keV),XRT,N
37144.6,2.42E+18,1.18E-04,2.64E-05,X-ray(10keV),XRT,N
37295.0,2.42E+18,9.65E-05,2.17E-05,X-ray(10keV),XRT,N
37324.8,2.42E+18,9.55E-05,3.25E-05,X-ray(10keV),XRT,N
37441.4,2.42E+18,1.65E-04,3.61E-05,X-ray(10keV),XRT,N
37581.9,2.42E+18,1.19E-04,2.67E-05,X-ray(10keV),XRT,N
37765.9,2.42E+18,1.28E-04,2.89E-05,X-ray(10keV),XRT,N
38018.4,2.42E+18,1.39E-04,2.33E-05,X-ray(10keV),XRT,N
38534.4,483840000000000,0.08264683922,0.00304482208,r,ZTF,N
38534.4,483840000000000,0.08264683922,0.00304482208,r,ZTF,N
38534.4,483840000000000,0.08264683922,0.00152241104,r,ZTF,N
38966.4,811780000000000,0.04609207384,0.008490473769,u,SEDM,N
39312,624900000000000,0.06064936371,0.00726181668,g,SEDM,N
39312,624900000000000,0.06064936371,0.00726181668,g,SEDM,N
39484.8,483840000000000,0.07399906783,0.002726226408,r,SEDM,N
39744,483840000000000,0.07264843262,0.006022051128,r,ZTF,N
39744,398900000000000,0.08630307081,0.003974403286,i,SEDM,N
40003.2,483840000000000,0.07399906783,0.01090490563,r,SEDM,N
42249.6,483840000000000,0.08418335868,0.009304288646,r,ZTF,N
42249.6,483840000000000,0.08418335868,0.009304288646,r,ZTF,N
42249.6,483840000000000,0.08341156101,0.004609493207,r,ZTF,N
42336,811780000000000,0.0529207815,0.01121062344,u,SEDM,N
42681.6,624900000000000,0.05233909982,0.006748852937,g,SEDM,N
42940.8,483840000000000,0.07332064029,0.002701232214,r,SEDM,N
42940.8,483840000000000,0.07677613561,0.01131414946,r,ZTF,N
42940.8,483840000000000,0.07677613561,0.01131414946,r,ZTF,N
42940.8,483840000000000,0.07468377277,0.004815040772,r,ZTF,N
43200,398900000000000,0.08241879277,0.003795525672,i,SEDM,N
44755.2,483840000000000,0.07399906783,0.006815566019,r,ZTF,N
44755.2,483840000000000,0.07399906783,0.006815566019,r,ZTF,N
44755.2,483840000000000,0.07537481321,0.004859593796,r,ZTF,N
45792,483840000000000,0.07537481321,0.008330732222,r,ZTF,N
45792,483840000000000,0.07892711872,0.004361673768,r,ZTF,N
45878.4,624900000000000,0.04313464706,0.005164702157,g,SEDM,N
46137.6,483840000000000,0.06625615801,0.001830725301,r,SEDM,N
46310.4,398900000000000,0.07047356622,0.002596342128,i,SEDM,N
71884.8,483840000000000,0.03883526285,0.001788429946,r,GIT,N
73440,624900000000000,0.0284987787,0.001574900712,g,GIT,N
74995.2,398900000000000,0.04920692756,0.002719275309,i,GIT,N
118195.2,624900000000000,0.01428322406,0.001973300328,g,SEDM,N
118540.8,483840000000000,0.01893329706,0.001220674772,r,SEDM,N
118886.4,398900000000000,0.01819810845,0.002011329276,i,SEDM,N
160704,483840000000000,0.01069611956,0.0004925745092,r,GIT,N
183600,624900000000000,0.007635302518,0.001687769641,g,LT,N
183772.8,483840000000000,0.01309864129,0.001689001225,r,LT,N
183945.6,398900000000000,0.01306249836,0.002165581008,i,LT,N
192150.9,2.42E+18,2.88E-05,6.71E-06,X-ray(10keV),,N
192153.6,2.42E+18,2.27E-05,5.23E-06,X-ray(10keV),,N
212307.5,2.42E+18,2.77E-05,7.33E-06,X-ray(10keV),XRT,N
214012.8,2.42E+18,1.77E-05,4.24E-06,X-ray(10keV),XRT,N
214919.5,2.42E+18,2.34E-05,4.70E-06,X-ray(10keV),XRT,N
259977.6,483840000000000,0.007468377277,0.001100580748,r,HCT,N
530259.9,2.42E+18,3.78E-06,6.92E-07,X-ray(10keV),XRT,N
531792.0,2.42E+18,3.16E-06,5.83E-07,X-ray(10keV),XRT,N
990768.5,2.42E+18,3.18E-06,6.82E-07,X-ray(10keV),XRT,N
993859.2,2.42E+18,2.88E-06,6.11E-07,X-ray(10keV),XRT,N
1421366.0,2.42E+18,9.91E-07,5.38E-07,X-ray(10keV),XRT,N
1421373.0,2.42E+18,1.35E-06,6.84E-07,X-ray(10keV),XRT,N
1836371.0,2.42E+18,7.98E-07,1.58E-07,X-ray(10keV),Chandra,N
3206883.0,2.42E+18,7.70E-07,2.14E-07,X-ray(10keV),Chandra,N
3570113.0,2.42E+18,5.97E-07,2.18E-07,X-ray(10keV),Chandra,N